{"cameraMode":{"drawMode":0,"name":"Shaded","section":"Shading Mode"},"sceneLighting":false,"audioPlay":false,"sceneViewState":{"showFog":false,"showMaterialUpdate":false,"showSkybox":true,"showFlares":true,"showImageEffects":true,"showParticleSystems":true},"in2DMode":false,"pivot":{"x":145.6972198486328,"y":2.418740749359131,"z":29.826885223388673},"rotation":{"x":0.18706224858760835,"y":-0.7140862941741943,"z":0.2100149542093277,"w":0.6415374279022217},"size":3.2660250663757326,"orthographic":false}