{"cameraMode":{"drawMode":0,"name":"Shaded","section":"Shading Mode"},"sceneLighting":false,"audioPlay":false,"sceneViewState":{"showFog":false,"showMaterialUpdate":false,"showSkybox":true,"showFlares":true,"showImageEffects":true,"showParticleSystems":true},"in2DMode":false,"pivot":{"x":98.63906860351563,"y":1.7950319051742554,"z":48.12928771972656},"rotation":{"x":0.16596868634223939,"y":-0.8287794589996338,"z":0.3266194462776184,"w":0.42356109619140627},"size":3.2660250663757326,"orthographic":false}