{"cameraMode":{"drawMode":0,"name":"Shaded","section":"Shading Mode"},"sceneLighting":true,"audioPlay":false,"sceneViewState":{"showFog":false,"showMaterialUpdate":false,"showSkybox":true,"showFlares":true,"showImageEffects":true,"showParticleSystems":true},"in2DMode":false,"pivot":{"x":75.62552642822266,"y":-12.361576080322266,"z":111.7495346069336},"rotation":{"x":-0.12759149074554444,"y":0.3626353442668915,"z":-0.05156730115413666,"w":-0.9221118092536926},"size":38.3052978515625,"orthographic":false}