{"cameraMode":{"drawMode":0,"name":"Shaded","section":"Shading Mode"},"sceneLighting":false,"audioPlay":false,"sceneViewState":{"showFog":false,"showMaterialUpdate":false,"showSkybox":true,"showFlares":true,"showImageEffects":true,"showParticleSystems":true},"in2DMode":false,"pivot":{"x":150.24081420898438,"y":5.68885612487793,"z":27.79021453857422},"rotation":{"x":0.21336081624031068,"y":-0.35298362374305727,"z":0.08315453678369522,"w":0.9073604345321655},"size":2.1073949337005617,"orthographic":false}